<?xml version="1.0" encoding="UTF-8" standalone="no"?> 
<part_info part_name="xczu5eg-sfvc784-1-e">
<pins>
  <pin index="0" name ="GPIO_DIP_SW_0" iostandard="LVCMOS12" loc="AA12"/>
  <pin index="1" name ="GPIO_DIP_SW_1" iostandard="LVCMOS12" loc="Y12"/>
  <pin index="2" name ="GPIO_DIP_SW_2" iostandard="LVCMOS12" loc="W11"/>
  <pin index="3" name ="GPIO_DIP_SW_3" iostandard="LVCMOS12" loc="W12"/>
  <pin index="4" name ="GPIO_LED_0" iostandard="LVCMOS12" loc="B5"/>
  <pin index="5" name ="GPIO_LED_1" iostandard="LVCMOS12" loc="A6"/>
  <pin index="6" name ="GPIO_LED_2" iostandard="LVCMOS12" loc="B8"/>
  <pin index="7" name ="GPIO_LED_3" iostandard="LVCMOS12" loc="A7"/>
  <pin index="8" name ="GPIO_PB_0" iostandard="LVCMOS12" loc="AH14"/>		
  <pin index="9" name ="GPIO_PB_1" iostandard="LVCMOS12" loc="AG14"/>
  <pin index="10" name ="GPIO_PB_2" iostandard="LVCMOS12" loc="AE14"/>
  <pin index="11" name ="GPIO_PB_3" iostandard="LVCMOS12" loc="AE15"/>

  <pin index="12" name ="GPIO_RGBLED0_B_0" iostandard="LVCMOS12" loc="A9"/>
  <pin index="13" name ="GPIO_RGBLED0_G_0" iostandard="LVCMOS12" loc="A5"/>
  <pin index="14" name ="GPIO_RGBLED0_R_0" iostandard="LVCMOS12" loc="A4"/>

  <pin index="15" name ="GPIO_RGBLED1_B_0" iostandard="LVCMOS12" loc="A8"/>
  <pin index="16" name ="GPIO_RGBLED1_G_0" iostandard="LVCMOS12" loc="B9"/>
  <pin index="17" name ="GPIO_RGBLED1_R_0" iostandard="LVCMOS12" loc="B6"/>

  <pin index="18" name ="pmod0_0" iostandard="LVCMOS18" loc="T8"/>
  <pin index="19" name ="pmod0_1" iostandard="LVCMOS18" loc="R8"/>
  <pin index="20" name ="pmod0_2" iostandard="LVCMOS18" loc="V8"/>
  <pin index="21" name ="pmod0_3" iostandard="LVCMOS18" loc="U8"/>
  <pin index="22" name ="pmod0_4" iostandard="LVCMOS18" loc="V9"/>
  <pin index="23" name ="pmod0_5" iostandard="LVCMOS18" loc="U9"/>
  <pin index="24" name ="pmod0_6" iostandard="LVCMOS18" loc="Y8"/>
  <pin index="25" name ="pmod0_7" iostandard="LVCMOS18" loc="W8"/>
  
  <pin index="26" name ="pmod1_0" iostandard="LVCMOS12" loc="F5" drive="8"/>
  <pin index="27" name ="pmod1_1" iostandard="LVCMOS12" loc="G5" drive="8"/>
  <pin index="28" name ="pmod1_2" iostandard="LVCMOS12" loc="E3" drive="8"/>
  <pin index="29" name ="pmod1_3" iostandard="LVCMOS12" loc="E4" drive="8"/>
  <pin index="30" name ="pmod1_4" iostandard="LVCMOS12" loc="F3" drive="8"/>
  <pin index="31" name ="pmod1_5" iostandard="LVCMOS12" loc="G3" drive="8"/>
  <pin index="32" name ="pmod1_6" iostandard="LVCMOS12" loc="E2" drive="8"/>
  <pin index="33" name ="pmod1_7" iostandard="LVCMOS12" loc="F2" drive="8"/>

  <pin index="34" name ="GPIO_GROVE0_0" iostandard="LVCMOS18" loc="K5"/>
  <pin index="35" name ="GPIO_GROVE0_1" iostandard="LVCMOS18" loc="P9"/>

  <pin index="36" name ="GPIO_GROVE1_0" iostandard="LVCMOS18" loc="AE4"/>
  <pin index="37" name ="GPIO_GROVE1_1" iostandard="LVCMOS18" loc="AB5"/>
  
  <pin index="38"  name="raspberry_pi_0" iostandard="LVCMOS12" loc="C7" drive="8"/> 
  <pin index="39"  name="raspberry_pi_1" iostandard="LVCMOS12" loc="C8" drive="8"/> 
  <pin index="40"  name="raspberry_pi_2" iostandard="LVCMOS12" loc="D2" drive="8"/> 
  <pin index="41"  name="raspberry_pi_3" iostandard="LVCMOS12" loc="F1" drive="8"/> 
  <pin index="42"  name="raspberry_pi_4" iostandard="LVCMOS12" loc="E1" drive="8"/> 
  <pin index="43"  name="raspberry_pi_5" iostandard="LVCMOS12" loc="A1" drive="8"/> 
  <pin index="44"  name="raspberry_pi_6" iostandard="LVCMOS12" loc="C2" drive="8"/> 
  <pin index="45"  name="raspberry_pi_7" iostandard="LVCMOS12" loc="A2" drive="8"/> 
  <pin index="46"  name="raspberry_pi_8" iostandard="LVCMOS12" loc="B3" drive="8"/> 
  <pin index="47"  name="raspberry_pi_9" iostandard="LVCMOS12" loc="C9" drive="8"/> 
  <pin index="48"  name="raspberry_pi_10" iostandard="LVCMOS12" loc="B4" drive="8"/> 
  <pin index="49"  name="raspberry_pi_11" iostandard="LVCMOS12" loc="D9" drive="8"/> 
  <pin index="50"  name="raspberry_pi_12" iostandard="LVCMOS12" loc="B1" drive="8"/> 
  <pin index="51"  name="raspberry_pi_13" iostandard="LVCMOS12" loc="C4" drive="8"/> 
  <pin index="52"  name="raspberry_pi_14" iostandard="LVCMOS12" loc="F7" drive="8"/> 
  <pin index="53"  name="raspberry_pi_15" iostandard="LVCMOS12" loc="D4" drive="8"/> 
  <pin index="54"  name="raspberry_pi_16" iostandard="LVCMOS12" loc="C1" drive="8"/> 
  <pin index="55"  name="raspberry_pi_17" iostandard="LVCMOS12" loc="E8" drive="8"/> 
  <pin index="56"  name="raspberry_pi_18" iostandard="LVCMOS12" loc="G1" drive="8"/> 
  <pin index="57"  name="raspberry_pi_19" iostandard="LVCMOS12" loc="E7" drive="8"/> 
  <pin index="58"  name="raspberry_pi_20" iostandard="LVCMOS12" loc="C6" drive="8"/> 
  <pin index="59"  name="raspberry_pi_21" iostandard="LVCMOS12" loc="C3" drive="8"/> 
  <pin index="60"  name="raspberry_pi_22" iostandard="LVCMOS12" loc="E9" drive="8"/> 
  <pin index="61"  name="raspberry_pi_23" iostandard="LVCMOS12" loc="F8" drive="8"/> 
  <pin index="62"  name="raspberry_pi_24" iostandard="LVCMOS12" loc="G8" drive="8"/> 
  <pin index="63"  name="raspberry_pi_25" iostandard="LVCMOS12" loc="A3" drive="8"/> 
  <pin index="64"  name="raspberry_pi_26" iostandard="LVCMOS12" loc="D1" drive="8"/> 
  <pin index="65"  name="raspberry_pi_27" iostandard="LVCMOS12" loc="G4" drive="8"/> 
  
  <pin index="66" name ="CLK_125_P" iostandard="LVDS" loc="K4"/>
  <pin index="67" name ="CLK_125_N" iostandard="LVDS" loc="K3"/>

  <pin index="68" name ="audio_adr_0" iostandard="LVCMOS33" loc="H14"/> 
  <pin index="69" name ="audio_adr_1" iostandard="LVCMOS33" loc="G14"/> 
  <pin index="70" name ="audio_clk" iostandard="LVCMOS33" loc="G15"/> 
  
  <pin index="71" name ="bclk_i" iostandard="LVCMOS33" loc="E15"/> 
  <pin index="72" name ="wclk_i" iostandard="LVCMOS33" loc="F15"/> 
  <pin index="73" name ="sdata_out_i" iostandard="LVCMOS33" loc="K14"/> 
  <pin index="74" name ="sdata_in_i" iostandard="LVCMOS33" loc="H13"/> 

  <pin index="75" name ="URST_B" iostandard="LVCMOS18" loc="H2"/> 
  
</pins>
</part_info>
